metric,value
fw_p_ES5,0.002
best,ExpandingMean
slope,4.070623771743547e-05
slope_lo,-0.005796978264546905
slope_hi,0.006131815317466373
