metric,value
diff_obs,-0.8993101052799748
diff_lo,-2.297264617683935
diff_hi,0.7771580810589744
P_diff_ge0,0.1496
borrow_be_bp,-1.0
