,dCE_ML,dropped
0,1.7532547614270033,
1,1.8419429547984034,2004-03
2,1.6311220460598297,"2004-03,2002-06"
3,1.754445076356148,"2004-03,2002-06,2009-03"
