axis,slope,lo,hi
sharpe,4e-05,-0.00582,0.00603
es5,0.00408,-0.10698,0.07896
