best,SR_monthly,E_max_SR0,DSR
HARX,0.19183664518887888,0.017149554524125952,0.9982603049196661
